farmer_id,total_sales,num_transactions,avg_transaction_value,activity_frequency,repayment_history,high_value_tx_count,verified_high_value_tx,blockchain_verified_ratio,loan_eligible
F0001,1405687.15,194,6994.86,18,1,110,88,0.8,1
F0002,7288.26,9,747.23,1,1,0,0,0.0,0
F0003,82591.78,15,5965.84,2,0,13,0,0.0,0
F0004,426144.35,81,4903.68,11,1,37,11,0.2973,1
F0005,387122.82,48,8159.44,20,0,39,8,0.2051,0
F0006,444376.46,47,8742.11,18,1,35,17,0.4857,1
F0007,4175815.41,101,40008.76,19,1,85,63,0.7412,1
F0008,103413.19,63,1693.53,11,1,0,0,0.0,0
F0009,148062.85,11,14163.41,1,1,8,0,0.0,0
F0010,903546.34,36,26237.05,19,0,27,13,0.4815,0
F0011,769987.0,31,25255.41,21,0,24,12,0.5,0
F0012,1069717.68,70,14710.94,9,0,58,14,0.2414,0
F0013,136550.15,17,8011.26,7,0,13,0,0.0,0
F0014,782508.5,93,8407.65,11,1,49,27,0.551,1
F0015,125745.34,15,8223.0,7,0,14,1,0.0714,0
F0016,82648.41,6,13469.32,7,1,5,0,0.0,0
F0017,172421.45,63,2484.78,13,0,19,11,0.5789,0
F0018,104247.3,24,4680.35,3,0,2,0,0.0,0
F0019,54759.22,23,2369.28,4,0,5,1,0.2,0
F0020,3428472.08,97,35765.33,18,1,66,34,0.5152,1
F0021,932454.43,78,11220.66,14,1,66,27,0.4091,1
F0022,125334.56,15,8821.43,2,0,13,3,0.2308,0
F0023,1133132.93,80,13015.47,11,0,63,40,0.6349,0
F0024,2049807.56,103,20323.62,22,1,63,57,0.9048,1
F0025,4370123.84,180,23876.2,19,1,151,114,0.755,1
F0026,2028432.65,87,22888.07,20,0,44,21,0.4773,0
F0027,39854.22,24,1780.22,5,0,2,0,0.0,0
F0028,3992727.06,99,39744.95,30,1,93,70,0.7527,1
F0029,3516883.43,188,20373.56,19,1,116,78,0.6724,1
F0030,4986465.29,184,25899.13,21,1,104,82,0.7885,1
F0031,153386.6,50,3109.56,16,0,15,3,0.2,0
F0032,112805.09,10,12339.21,5,0,6,0,0.0,0
F0033,27838.26,23,1118.7,3,1,0,0,0.0,0
F0034,115253.61,23,5415.34,2,1,20,1,0.05,0
F0035,938086.75,79,11950.18,22,0,50,15,0.3,0
F0036,100541.99,1,106572.75,6,0,1,0,0.0,0
F0037,32223.5,19,1737.12,7,0,0,0,0.0,0
F0038,594066.94,47,12068.17,18,1,43,8,0.186,1
F0039,2998751.66,100,30596.86,26,1,55,31,0.5636,1
F0040,466188.53,78,5882.47,10,1,41,11,0.2683,1
F0041,670627.18,36,17998.5,9,1,26,17,0.6538,1
F0042,791101.56,28,26372.2,21,1,15,8,0.5333,1
F0043,1327340.07,177,8222.18,29,1,148,133,0.8986,1
F0044,3854968.65,121,29412.37,18,1,63,33,0.5238,1
F0045,1061522.87,87,12651.47,15,1,66,29,0.4394,1
F0046,124166.61,24,4850.3,7,0,4,0,0.0,0
F0047,167391.74,81,2201.52,21,0,14,10,0.7143,0
F0048,984180.35,35,28538.56,11,1,24,7,0.2917,1
F0049,99092.13,2,52075.21,7,0,1,0,0.0,0
F0050,118493.95,4,31726.0,9,0,3,0,0.0,0
F0051,4604331.81,175,26863.02,30,1,169,149,0.8817,1
F0052,9541.87,20,504.72,7,0,0,0,0.0,0
F0053,95567.33,120,816.02,9,0,3,1,0.3333,0
F0054,149557.09,14,10486.83,8,0,8,3,0.375,0
F0055,297284.29,97,3247.51,14,0,13,5,0.3846,0
F0056,617715.09,64,8860.78,15,1,44,9,0.2045,1
F0057,657846.65,92,7046.19,22,0,56,40,0.7143,0
F0058,3531082.68,137,25742.41,30,1,89,68,0.764,1
F0059,628869.9,20,32972.34,17,0,19,5,0.2632,0
F0060,32382.87,5,6519.87,4,0,3,0,0.0,0
F0061,3772733.19,198,20161.25,23,1,106,60,0.566,1
F0062,1628181.55,98,16605.84,28,1,95,77,0.8105,1
F0063,4621729.33,97,51925.95,19,1,58,48,0.8276,1
F0064,127404.42,12,10684.37,2,0,10,4,0.4,0
F0065,823539.4,88,9918.17,8,0,84,62,0.7381,0
F0066,124397.29,6,21700.05,7,0,6,0,0.0,0
F0067,13638.72,12,1209.08,6,0,1,0,0.0,0
F0068,1049223.76,28,37320.01,9,0,20,7,0.35,0
F0069,13574.01,13,1055.2,7,0,0,0,0.0,0
F0070,48807.64,13,3648.53,8,0,6,0,0.0,0
F0071,85912.0,9,9644.27,5,1,9,8,0.8889,1
F0072,740530.41,77,9108.98,16,1,55,28,0.5091,1
F0073,1006249.43,98,11186.37,17,1,66,13,0.197,1
F0074,1930274.9,97,21349.84,24,1,73,31,0.4247,1
F0075,45151.09,6,7089.89,6,0,3,0,0.0,0
F0076,955864.85,94,10546.22,18,0,75,25,0.3333,0
F0077,149178.28,3,50378.25,10,0,0,0,0.0,0
F0078,58599.94,118,545.74,14,0,13,1,0.0769,0
F0079,18094.41,24,753.97,3,1,0,0,0.0,0
F0080,121289.27,7,18322.9,4,0,3,0,0.0,0
F0081,551857.72,32,17350.78,18,1,24,17,0.7083,1
F0082,894820.75,69,13024.18,22,0,39,7,0.1795,0
F0083,33607.73,13,2769.77,10,0,5,4,0.8,0
F0084,214006.46,90,2462.86,22,0,9,4,0.4444,0
F0085,2589215.0,84,31263.17,25,1,63,50,0.7937,1
F0086,2434604.06,177,14051.74,21,0,150,110,0.7333,0
F0087,1110315.39,97,10785.47,11,1,64,13,0.2031,1
F0088,91425.91,12,7172.57,6,0,9,7,0.7778,0
F0089,1793541.1,55,31929.02,18,0,41,0,0.0,0
F0090,606463.95,59,10300.48,9,0,56,35,0.625,0
F0091,466436.19,83,5591.15,11,1,79,29,0.3671,1
F0092,4227075.26,126,33029.87,21,1,109,96,0.8807,1
F0093,798231.2,53,13958.35,22,1,35,17,0.4857,1
F0094,589151.64,32,18909.93,17,0,27,10,0.3704,0
F0095,856445.15,27,28594.02,8,0,27,2,0.0741,0
F0096,2741990.87,66,41815.82,27,0,42,7,0.1667,0
F0097,21163.16,25,926.84,3,0,1,0,0.0,0
F0098,916028.17,38,25391.93,13,0,22,12,0.5455,0
F0099,723032.74,75,10188.54,18,1,54,19,0.3519,1
F0100,102701.46,23,4139.42,7,1,9,1,0.1111,0
F0101,4182427.59,112,35708.11,30,1,73,33,0.4521,1
F0102,73171.28,7,9662.71,5,0,4,1,0.25,0
F0103,4254857.85,133,32092.59,21,1,78,28,0.359,1
F0104,755243.35,96,7206.31,11,0,67,22,0.3284,0
F0105,841790.88,60,14738.71,13,0,50,16,0.32,0
F0106,41043.66,12,3688.5,7,0,2,0,0.0,0
F0107,42503.95,13,2953.63,8,0,3,0,0.0,0
F0108,36202.9,14,2334.05,6,1,4,3,0.75,1
F0109,210226.91,100,2207.34,18,1,12,4,0.3333,1
F0110,4308384.64,72,61402.88,30,1,41,15,0.3659,1
F0111,1049966.89,97,10628.49,11,1,86,56,0.6512,1
F0112,91992.12,11,7931.11,3,0,5,2,0.4,0
F0113,109731.48,15,7430.1,3,1,13,4,0.3077,0
F0114,1060223.4,30,33083.6,13,1,22,5,0.2273,1
F0115,481643.34,23,20829.35,12,1,21,10,0.4762,1
F0116,88792.53,1,88380.64,7,1,1,0,0.0,0
F0117,453669.58,19,24961.24,19,0,9,4,0.4444,0
F0118,325372.03,20,16334.61,12,1,14,11,0.7857,1
F0119,158173.92,90,1694.37,13,1,9,4,0.4444,1
F0120,2421933.39,119,19180.8,26,1,92,57,0.6196,1
F0121,556529.73,18,29939.98,16,1,10,7,0.7,1
F0122,1024890.27,39,24959.09,8,0,26,14,0.5385,0
F0123,902610.93,73,12230.33,12,0,58,18,0.3103,0
F0124,534786.81,90,5562.79,10,1,62,18,0.2903,1
F0125,991356.54,19,54144.76,17,1,16,4,0.25,1
F0126,456070.57,63,7713.94,8,1,55,30,0.5455,1
F0127,576329.37,87,6868.31,11,0,72,41,0.5694,0
F0128,275976.85,92,3088.48,10,0,16,5,0.3125,0
F0129,16240.85,1,17256.82,8,0,1,0,0.0,0
F0130,461256.37,98,4326.36,11,0,38,10,0.2632,0
F0131,1738069.07,108,14806.53,25,0,93,19,0.2043,1
F0132,124234.78,13,8623.6,7,0,13,3,0.2308,0
F0133,550872.05,35,16294.88,14,0,20,7,0.35,0
F0134,203469.24,16,13936.34,9,0,12,5,0.4167,0
F0135,1182537.24,83,14637.4,15,1,61,19,0.3115,1
F0136,4977449.8,97,50719.76,30,1,84,67,0.7976,1
F0137,1176923.71,33,35904.33,13,1,18,10,0.5556,1
F0138,1064321.5,76,14476.86,10,1,46,21,0.4565,1
F0139,1059766.95,77,13302.75,15,1,74,36,0.4865,1
F0140,519785.62,32,17508.21,19,0,29,10,0.3448,0
F0141,3222891.82,136,24521.5,25,0,108,99,0.9167,1
F0142,758530.81,25,30880.66,20,1,23,7,0.3043,1
F0143,4475502.36,144,32812.94,23,1,98,81,0.8265,1
F0144,2955235.62,147,18245.16,29,1,126,86,0.6825,1
F0145,1121554.91,36,29286.69,9,0,25,9,0.36,0
F0146,324268.8,92,3723.69,14,1,40,6,0.15,1
F0147,95944.07,18,5786.27,6,1,12,2,0.1667,0
F0148,649485.15,98,6342.97,11,1,86,55,0.6395,1
F0149,813474.6,40,21700.98,10,1,29,9,0.3103,1
F0150,72232.7,21,3348.38,7,1,1,0,0.0,0
F0151,660134.58,17,39620.5,8,0,15,10,0.6667,0
F0152,493055.76,68,7796.75,10,1,50,21,0.42,1
F0153,115237.81,1,103737.22,10,0,0,0,0.0,0
F0154,1063380.75,63,16826.42,22,0,37,10,0.2703,0
F0155,1121560.18,71,14794.03,13,0,62,28,0.4516,0
F0156,786860.36,18,43273.03,22,1,14,3,0.2143,1
F0157,1642544.4,99,16496.75,29,0,78,74,0.9487,1
F0158,1095124.62,55,19137.5,15,0,42,16,0.381,0
F0159,65935.24,16,3981.04,6,0,9,0,0.0,0
F0160,37319.05,22,1594.65,6,0,4,0,0.0,0
F0161,3525612.39,118,31080.73,19,1,81,68,0.8395,1
F0162,761263.91,44,16954.73,12,0,37,18,0.4865,0
F0163,441824.25,17,26881.41,9,1,13,6,0.4615,1
F0164,46628.15,6,7998.1,3,0,4,1,0.25,0
F0165,139944.09,23,5992.06,3,1,13,2,0.1538,0
F0166,31866.2,93,363.21,15,0,9,0,0.0,0
F0167,4719320.51,132,35580.91,24,1,75,57,0.76,1
F0168,1838905.12,190,10464.19,28,1,164,78,0.4756,1
F0169,318328.97,40,7351.48,15,1,29,21,0.7241,1
F0170,3367343.88,142,24618.91,27,1,106,47,0.4434,1
F0171,3047662.75,194,16731.92,19,0,139,110,0.7914,1
F0172,79662.53,22,3941.08,4,0,9,1,0.1111,0
F0173,862418.4,82,10583.12,18,1,74,45,0.6081,1
F0174,843815.64,48,17368.22,21,1,45,9,0.2,1
F0175,370471.79,29,13981.4,8,1,28,11,0.3929,1
F0176,59468.6,22,2496.94,9,0,7,1,0.1429,0
F0177,68197.98,21,3426.46,6,1,4,0,0.0,0
F0178,82625.36,16,4884.14,4,1,7,5,0.7143,1
F0179,874792.56,38,24548.01,13,1,21,8,0.381,1
F0180,85352.03,13,6399.17,8,0,9,0,0.0,0
F0181,1070226.11,16,67619.28,10,0,14,3,0.2143,0
F0182,5606.18,17,358.81,6,0,0,0,0.0,0
F0183,696607.08,99,6772.07,19,0,65,19,0.2923,0
F0184,1110478.32,86,11967.58,14,1,50,39,0.78,1
F0185,964954.31,39,22636.68,12,0,34,12,0.3529,0
F0186,2364889.0,185,13717.37,19,1,149,133,0.8926,1
F0187,431333.48,96,4858.64,16,0,38,22,0.5789,0
F0188,708852.85,36,20323.2,18,0,16,4,0.25,0
F0189,503968.45,52,9906.77,17,0,35,17,0.4857,0
F0190,2622211.77,192,13726.94,25,1,186,117,0.629,1
F0191,34250.26,2,17347.06,4,0,2,0,0.0,0
F0192,1352049.99,159,7780.66,21,1,127,63,0.4961,1
F0193,209728.78,22,9178.73,10,0,21,8,0.381,0
F0194,696353.28,55,13701.88,12,1,50,12,0.24,1
F0195,48123.09,4,12008.99,1,1,3,0,0.0,0
F0196,107032.33,17,5757.18,9,0,11,4,0.3636,0
F0197,879705.96,77,10922.75,17,0,53,39,0.7358,0
F0198,976327.22,41,24224.26,9,0,25,16,0.64,0
F0199,668089.14,67,9047.14,12,0,54,26,0.4815,0
F0200,1127617.91,75,15548.47,22,0,64,24,0.375,0
F0201,902506.62,52,18365.73,21,1,40,15,0.375,1
F0202,58704.73,2,29247.42,9,0,2,0,0.0,0
F0203,123574.59,15,7665.26,8,0,7,3,0.4286,0
F0204,1173730.65,84,15285.17,22,0,48,18,0.375,0
F0205,162411.97,41,4050.62,14,1,13,6,0.4615,1
F0206,34172.14,10,3421.79,5,0,0,0,0.0,0
F0207,589564.26,83,7645.38,18,1,46,29,0.6304,1
F0208,593120.66,19,29708.46,11,0,16,6,0.375,0
F0209,263154.93,68,3938.66,8,0,17,9,0.5294,0
F0210,1879739.42,111,17437.81,25,1,64,38,0.5938,1
F0211,3307888.76,92,38445.42,22,1,82,56,0.6829,1
F0212,1093823.71,71,15233.27,9,0,60,35,0.5833,0
F0213,163387.86,26,6276.74,22,0,24,9,0.375,0
F0214,1122548.97,51,23162.21,22,1,34,26,0.7647,1
F0215,59618.5,11,5678.69,3,0,7,1,0.1429,0
F0216,4515939.46,74,58049.01,25,1,62,52,0.8387,1
F0217,1787337.33,86,22253.72,22,1,80,54,0.675,1
F0218,874795.01,42,20256.45,15,0,29,8,0.2759,0
F0219,867282.06,40,20632.15,21,0,39,18,0.4615,0
F0220,955470.18,46,18760.61,13,1,23,12,0.5217,1
F0221,90614.9,20,4934.19,4,0,5,3,0.6,0
F0222,342879.28,86,3961.8,17,1,30,21,0.7,1
F0223,100360.76,18,5421.47,8,0,14,2,0.1429,0
F0224,140943.22,22,6149.23,9,0,19,5,0.2632,0
F0225,88792.08,23,3476.69,4,0,0,0,0.0,0
F0226,3900245.59,140,29823.37,19,1,120,117,0.975,1
F0227,1180189.88,16,79729.15,9,0,14,6,0.4286,0
F0228,280004.55,98,2574.45,9,1,19,9,0.4737,1
F0229,100468.78,10,10544.89,4,0,7,1,0.1429,0
F0230,27382.38,16,1762.68,5,0,2,0,0.0,0
F0231,1064083.98,44,23817.51,18,1,42,8,0.1905,1
F0232,611023.96,30,21335.38,20,0,27,17,0.6296,0
F0233,73266.1,22,3442.47,7,0,8,1,0.125,0
F0234,2082147.98,79,26860.28,23,0,51,40,0.7843,1
F0235,1079778.09,78,12846.22,10,0,55,36,0.6545,0
F0236,3223532.38,117,29348.68,24,1,112,84,0.75,1
F0237,95424.99,18,5178.34,4,1,13,10,0.7692,1
F0238,500158.29,27,17899.4,21,1,22,4,0.1818,1
F0239,2430755.23,52,47530.91,19,0,33,5,0.1515,0
F0240,4042441.66,195,20529.38,23,1,111,74,0.6667,1
F0241,2397589.67,143,17860.05,23,1,87,62,0.7126,1
F0242,2124753.55,103,19000.95,30,0,53,47,0.8868,1
F0243,103464.62,11,8984.96,7,1,8,0,0.0,1
F0244,933037.57,49,20159.9,22,1,46,24,0.5217,1
F0245,3092115.72,82,41383.21,22,1,78,69,0.8846,1
F0246,862539.32,22,40878.88,17,1,13,7,0.5385,1
F0247,584904.06,90,6465.94,17,0,90,28,0.3111,0
F0248,926431.8,70,11928.08,22,0,35,4,0.1143,0
F0249,595216.09,92,6485.72,15,1,50,20,0.4,1
F0250,500030.8,89,6143.86,18,0,59,12,0.2034,0
F0251,4025853.85,61,64348.06,27,1,54,39,0.7222,1
F0252,6362.45,4,1656.61,9,1,0,0,0.0,0
F0253,108145.41,14,7339.27,9,1,12,3,0.25,1
F0254,450225.09,69,6369.54,20,1,36,12,0.3333,1
F0255,881936.52,78,11594.7,10,1,76,44,0.5789,1
F0256,232803.82,40,5965.62,18,0,21,14,0.6667,0
F0257,2309020.64,159,15699.04,30,0,125,54,0.432,1
F0258,735723.87,61,11823.17,20,1,31,8,0.2581,1
F0259,347401.47,23,14969.51,10,1,18,2,0.1111,1
F0260,2636884.54,116,23089.58,25,0,102,12,0.1176,0
F0261,391188.18,67,5507.51,21,1,50,28,0.56,1
F0262,692797.51,81,8776.57,22,0,67,35,0.5224,0
F0263,1675899.34,143,11807.5,19,1,120,112,0.9333,1
F0264,884475.02,27,34146.91,19,0,25,6,0.24,0
F0265,91308.46,18,4913.36,7,0,8,1,0.125,0
F0266,1850563.2,146,11613.48,27,0,129,69,0.5349,1
F0267,3352158.0,97,31381.87,29,1,59,53,0.8983,1
F0268,22798.92,62,366.78,8,1,0,0,0.0,0
F0269,75253.54,6,13485.09,8,0,5,0,0.0,0
F0270,3302949.81,118,30651.84,18,1,109,90,0.8257,1
F0271,2612475.98,166,15796.35,20,1,149,124,0.8322,1
F0272,725855.88,18,36964.22,20,1,9,3,0.3333,1
F0273,4805032.22,76,61059.84,26,0,62,46,0.7419,1
F0274,96558.95,13,7163.79,5,1,8,1,0.125,0
F0275,212776.52,65,3184.04,21,0,19,9,0.4737,0
F0276,106024.65,17,5935.93,8,0,10,1,0.1,0
F0277,89959.81,22,3905.46,3,0,6,1,0.1667,0
F0278,1020212.93,79,12470.15,11,1,44,15,0.3409,1
F0279,69358.5,6,10913.63,2,1,3,0,0.0,0
F0280,889940.34,92,8992.89,8,0,90,22,0.2444,0
F0281,1526814.08,129,12037.51,20,1,77,74,0.961,1
F0282,1602838.25,78,18618.35,25,1,43,41,0.9535,1
F0283,126056.48,9,14436.76,10,0,8,1,0.125,0
F0284,909502.96,41,22416.43,15,1,36,15,0.4167,1
F0285,4891846.02,102,50638.97,25,1,65,51,0.7846,1
F0286,673042.16,18,34794.31,10,0,11,5,0.4545,0
F0287,1211459.79,115,10956.62,27,1,63,33,0.5238,1
F0288,740368.62,35,21538.57,16,1,29,2,0.069,1
F0289,1562464.31,95,15660.12,25,1,84,61,0.7262,1
F0290,1168841.41,54,21466.48,20,1,28,14,0.5,1
F0291,1513924.64,168,8435.55,19,1,92,64,0.6957,1
F0292,981434.86,77,12903.9,18,0,61,27,0.4426,0
F0293,4347705.92,146,29691.48,26,1,123,107,0.8699,1
F0294,529271.8,66,8617.63,14,0,33,19,0.5758,0
F0295,896188.07,73,12922.65,12,1,72,49,0.6806,1
F0296,759329.18,94,7463.75,9,0,70,23,0.3286,0
F0297,336518.72,92,3958.74,15,1,16,3,0.1875,1
F0298,517248.55,35,15336.72,21,1,24,18,0.75,1
F0299,1000756.06,90,11851.71,11,1,64,28,0.4375,1
F0300,100652.78,138,797.32,11,0,8,3,0.375,0
F0301,654345.34,27,26547.31,8,1,15,6,0.4,1
F0302,13937.71,25,562.13,2,0,0,0,0.0,0
F0303,234394.95,45,4942.85,21,0,18,4,0.2222,0
F0304,303919.4,33,10087.06,14,0,16,5,0.3125,0
F0305,2221305.78,90,24332.3,30,1,58,52,0.8966,1
F0306,20031.26,19,1020.23,6,0,1,0,0.0,0
F0307,2342639.56,81,28755.82,28,0,51,36,0.7059,1
F0308,777674.54,21,35064.53,11,1,20,10,0.5,1
F0309,1111729.14,29,34691.36,14,1,24,7,0.2917,1
F0310,2169623.57,121,19194.34,30,1,107,98,0.9159,1
F0311,736160.89,52,14794.53,9,0,51,24,0.4706,0
F0312,2929852.6,59,53166.35,23,0,43,8,0.186,0
F0313,171752.69,16,9944.87,20,0,11,7,0.6364,0
F0314,630428.49,48,13499.34,18,0,37,27,0.7297,0
F0315,890777.05,94,8788.62,15,0,57,17,0.2982,0
F0316,951236.73,90,9826.42,11,1,73,45,0.6164,1
F0317,174179.08,88,1818.81,17,0,6,2,0.3333,0
F0318,950570.1,93,9671.1,17,1,77,25,0.3247,1
F0319,762831.08,90,8852.33,12,1,64,14,0.2188,1
F0320,150097.96,32,4866.71,13,1,12,5,0.4167,1
F0321,3692547.21,146,24170.2,25,1,93,83,0.8925,1
F0322,3215518.64,86,37920.75,28,1,49,37,0.7551,1
F0323,1007198.88,33,31436.25,8,1,18,11,0.6111,1
F0324,79466.99,5,15153.94,3,0,2,0,0.0,0
F0325,2829413.87,166,15442.82,21,1,154,110,0.7143,1
F0326,58132.78,21,2919.69,9,1,3,1,0.3333,1
F0327,141793.31,22,6351.88,6,0,10,1,0.1,0
F0328,796793.39,18,42831.51,21,0,17,4,0.2353,0
F0329,4986257.53,121,42390.67,25,1,119,65,0.5462,1
F0330,4983486.97,189,25221.44,30,1,101,68,0.6733,1
F0331,2068554.42,85,24006.03,29,1,49,35,0.7143,1
F0332,334485.11,63,5375.27,15,1,41,19,0.4634,1
F0333,106436.44,19,5207.57,5,0,10,1,0.1,0
F0334,706133.26,44,15757.39,10,1,41,18,0.439,1
F0335,1614999.67,159,11154.45,29,1,112,96,0.8571,1
F0336,1551364.09,108,14660.17,18,0,64,41,0.6406,1
F0337,423293.64,51,8168.77,13,0,39,18,0.4615,0
F0338,2374785.59,86,27818.83,17,0,47,13,0.2766,0
F0339,41611.39,14,3222.92,12,0,4,3,0.75,0
F0340,43159.89,16,2852.59,5,0,3,2,0.6667,0
F0341,127152.58,9,13548.95,9,0,6,0,0.0,0
F0342,135171.79,6,20339.62,10,0,4,0,0.0,0
F0343,245082.63,61,4390.6,16,0,22,2,0.0909,0
F0344,664688.13,39,16713.98,10,1,34,23,0.6765,1
F0345,3518468.66,100,36264.79,23,0,88,80,0.9091,0
F0346,715338.11,19,37760.51,15,1,9,4,0.4444,1
F0347,538556.38,56,10354.4,20,1,49,32,0.6531,1
F0348,464497.64,70,7016.77,11,0,53,31,0.5849,0
F0349,172838.45,93,1944.32,15,1,3,1,0.3333,1
F0350,29783.7,13,2312.63,2,0,5,3,0.6,0
F0351,1128053.88,26,42336.2,20,1,17,4,0.2353,1
F0352,33432.59,21,1592.13,7,1,0,0,0.0,0
F0353,83052.48,15,5910.25,6,0,10,1,0.1,0
F0354,3581152.14,79,48165.52,18,1,69,57,0.8261,1
F0355,64056.55,24,2482.29,9,0,4,0,0.0,0
F0356,131541.71,22,5891.23,4,0,17,3,0.1765,0
F0357,5700.62,8,680.75,4,0,0,0,0.0,0
F0358,783134.51,49,16315.96,22,1,40,14,0.35,1
F0359,91066.16,95,915.45,8,0,1,0,0.0,0
F0360,125685.62,80,1418.26,7,0,2,0,0.0,0
F0361,823154.1,15,55708.98,14,1,8,2,0.25,1
F0362,931610.51,17,52634.09,13,0,16,7,0.4375,0
F0363,689009.02,74,8668.61,18,1,59,17,0.2881,1
F0364,3086514.69,83,35799.18,21,0,72,67,0.9306,1
F0365,822352.39,19,41808.66,18,1,9,3,0.3333,1
F0366,4612911.86,111,38223.5,23,1,58,52,0.8966,1
F0367,85717.79,10,9207.33,1,0,9,1,0.1111,0
F0368,1068997.38,20,54806.41,14,1,11,6,0.5455,1
F0369,350015.04,59,5540.03,17,1,54,27,0.5,1
F0370,2150538.42,173,13070.98,24,0,124,79,0.6371,1
F0371,193417.18,92,2077.26,6,0,25,12,0.48,0
F0372,72420.48,7,9978.78,2,1,5,3,0.6,1
F0373,2838123.43,73,37694.98,28,1,60,46,0.7667,1
F0374,60901.83,16,3829.72,6,0,9,2,0.2222,0
F0375,739666.17,57,13405.71,18,0,52,15,0.2885,0
F0376,720802.03,56,13125.5,19,0,31,16,0.5161,0
F0377,1241875.64,137,9282.12,18,1,131,116,0.8855,1
F0378,1981403.41,157,11800.32,27,0,136,106,0.7794,1
F0379,308658.97,69,4406.44,16,0,25,12,0.48,0
F0380,396432.47,28,12961.78,9,1,22,7,0.3182,1
F0381,793691.46,58,13718.99,16,1,48,32,0.6667,1
F0382,104848.97,6,16916.31,8,1,4,0,0.0,0
F0383,372324.58,97,3624.05,21,0,17,9,0.5294,0
F0384,112204.03,74,1614.04,5,0,4,1,0.25,0
F0385,739979.67,43,17246.42,19,0,36,17,0.4722,0
F0386,1879135.29,183,10831.61,22,1,104,91,0.875,1
F0387,2133774.82,200,11230.83,28,1,172,163,0.9477,1
F0388,997582.63,86,11930.85,20,1,83,42,0.506,1
F0389,1073299.34,18,63646.37,10,1,14,3,0.2143,1
F0390,942878.15,82,10445.91,9,1,40,12,0.3,1
F0391,4963386.36,66,68838.59,22,0,40,26,0.65,1
F0392,1120423.94,44,26627.83,11,1,38,16,0.4211,1
F0393,86777.75,17,5145.07,9,0,11,0,0.0,0
F0394,1058703.63,37,31385.64,21,0,35,13,0.3714,0
F0395,2132209.71,115,17852.91,28,1,96,67,0.6979,1
F0396,248376.52,38,6129.49,15,1,32,6,0.1875,1
F0397,10075.77,4,2353.5,9,0,1,0,0.0,0
F0398,911275.42,29,33095.35,8,0,14,6,0.4286,0
F0399,59273.65,5,10890.3,8,1,4,0,0.0,0
F0400,1055103.75,38,25672.59,8,1,23,13,0.5652,1
F0401,213844.36,56,4054.67,12,1,12,5,0.4167,1
F0402,1112707.57,125,9603.56,21,0,76,1,0.0132,0
F0403,668123.32,50,12678.58,13,0,45,30,0.6667,0
F0404,1131966.4,37,32050.59,10,1,29,9,0.3103,1
F0405,226558.42,87,2764.27,22,1,9,5,0.5556,1
F0406,977758.87,98,10538.97,15,1,58,28,0.4828,1
F0407,2630787.01,180,15864.85,27,1,137,132,0.9635,1
F0408,37226.76,8,4533.92,5,0,2,0,0.0,0
F0409,6836.42,5,1373.58,1,0,0,0,0.0,0
F0410,306388.55,80,3571.34,10,0,31,14,0.4516,0
F0411,114812.28,51,2149.8,5,0,6,2,0.3333,0
F0412,268381.73,78,3769.52,18,0,38,19,0.5,0
F0413,33107.11,13,2637.77,2,0,4,1,0.25,0
F0414,140263.58,7,21141.91,4,1,5,0,0.0,1
F0415,105508.18,14,7758.83,4,1,9,1,0.1111,0
F0416,4630157.74,166,27415.87,28,1,94,67,0.7128,1
F0417,129412.44,22,5778.38,2,1,13,0,0.0,0
F0418,937873.16,85,11464.28,15,0,59,25,0.4237,0
F0419,629801.98,15,44988.8,14,1,15,10,0.6667,1
F0420,582526.67,22,25483.42,18,1,18,4,0.2222,1
F0421,349351.37,64,5654.36,14,0,48,15,0.3125,0
F0422,614035.36,91,7030.9,16,1,82,38,0.4634,1
F0423,1499557.19,173,8665.28,30,1,171,129,0.7544,1
F0424,48655.48,22,2354.62,6,1,5,0,0.0,0
F0425,73016.94,9,8526.03,1,0,9,0,0.0,0
F0426,817989.62,59,15056.6,21,1,40,4,0.1,1
F0427,754927.28,69,11838.32,10,1,54,9,0.1667,1
F0428,1884245.29,136,13827.65,21,1,107,89,0.8318,1
F0429,1647492.67,126,12514.61,29,0,95,67,0.7053,1
F0430,305756.1,51,5588.49,15,1,30,23,0.7667,1
F0431,79269.63,10,7448.91,10,0,9,4,0.4444,0
F0432,885762.19,56,17220.34,13,1,49,20,0.4082,1
F0433,333787.35,79,4089.92,9,1,24,13,0.5417,1
F0434,2460674.68,99,25489.04,21,1,91,48,0.5275,1
F0435,537085.51,16,32836.77,10,0,7,2,0.2857,0
F0436,49671.92,13,3509.5,10,1,4,1,0.25,0
F0437,146183.87,25,6200.95,8,0,13,3,0.2308,0
F0438,1176988.69,23,46876.6,11,0,15,8,0.5333,0
F0439,445887.91,25,17397.9,14,0,19,7,0.3684,0
F0440,637145.02,97,7146.03,19,0,72,38,0.5278,0
F0441,74363.79,13,5758.19,6,0,11,5,0.4545,0
F0442,776972.57,18,45829.76,22,1,11,5,0.4545,1
F0443,3036419.42,154,18061.03,19,1,118,85,0.7203,1
F0444,1038031.86,86,11501.53,13,1,58,12,0.2069,1
F0445,4299987.96,141,29402.56,27,1,80,59,0.7375,1
F0446,127654.38,4,31590.11,5,0,4,0,0.0,0
F0447,410223.77,70,6383.38,17,0,66,30,0.4545,0
F0448,975014.25,59,17298.68,18,1,43,12,0.2791,1
F0449,601839.54,99,5897.08,21,1,91,8,0.0879,1
F0450,141907.23,10,12985.36,6,0,5,1,0.2,0
F0451,62691.15,11,5599.74,5,0,9,2,0.2222,0
F0452,82307.66,18,4267.88,4,1,5,0,0.0,0
F0453,3984148.77,163,22627.71,30,1,138,126,0.913,1
F0454,3751111.2,167,21653.67,28,1,147,123,0.8367,1
F0455,100796.76,24,4069.73,3,0,10,0,0.0,0
F0456,3214333.58,76,44990.75,26,1,67,53,0.791,1
F0457,26234.41,7,3864.34,3,1,1,0,0.0,0
F0458,16097.74,12,1378.45,1,0,1,0,0.0,0
F0459,1028248.61,42,22343.46,20,1,37,4,0.1081,1
F0460,2906079.03,167,16097.52,21,1,147,99,0.6735,1
F0461,150886.48,86,1678.07,21,1,4,3,0.75,1
F0462,2535828.58,83,33294.46,20,1,46,38,0.8261,1
F0463,983594.27,73,13734.58,9,1,55,12,0.2182,1
F0464,3609475.56,81,48796.47,26,1,46,34,0.7391,1
F0465,3229242.83,139,21810.24,30,1,107,100,0.9346,1
F0466,1259501.75,113,11861.39,27,0,72,48,0.6667,1
F0467,1088685.34,84,12681.88,15,0,67,35,0.5224,0
F0468,2276529.39,109,22717.28,18,1,101,58,0.5743,1
F0469,479264.87,72,7193.82,20,0,59,13,0.2203,0
F0470,71655.26,20,3285.38,11,0,6,4,0.6667,0
F0471,139532.64,5,27947.88,1,0,5,2,0.4,0
F0472,28284.72,22,1195.66,10,1,2,0,0.0,0
F0473,86328.39,7,12093.85,8,0,6,0,0.0,0
F0474,69183.06,21,3462.81,4,0,3,0,0.0,0
F0475,1191548.93,83,14223.72,17,0,68,31,0.4559,0
F0476,1161064.94,51,23505.5,14,1,37,27,0.7297,1
F0477,603047.89,34,16151.6,14,1,17,7,0.4118,1
F0478,760082.65,40,20517.08,21,0,30,9,0.3,0
F0479,132465.97,16,8208.3,1,1,13,1,0.0769,0
F0480,24220.23,7,3719.14,12,0,0,0,0.0,0
F0481,88038.16,12,6925.61,2,1,5,1,0.2,0
F0482,93274.08,1,100647.73,1,0,0,0,0.0,0
F0483,519229.14,88,5574.92,16,1,80,26,0.325,1
F0484,846523.12,36,24087.38,13,0,19,6,0.3158,0
F0485,157971.48,92,1601.27,5,1,5,0,0.0,0
F0486,156917.95,75,1994.33,13,0,4,1,0.25,0
F0487,515006.11,72,7819.93,14,0,43,20,0.4651,0
F0488,3669850.95,97,37625.09,20,0,83,53,0.6386,1
F0489,123762.47,4,30386.08,8,0,1,0,0.0,0
F0490,335438.46,78,4315.12,10,0,31,22,0.7097,0
F0491,2045906.41,101,20796.02,16,1,88,5,0.0568,1
F0492,2148425.08,141,14252.46,17,0,76,12,0.1579,0
F0493,95293.2,115,829.2,15,0,1,0,0.0,0
F0494,2544204.2,171,13981.12,18,1,87,69,0.7931,1
F0495,2331197.42,69,33996.75,27,1,40,17,0.425,1
F0496,25547.72,22,1218.07,4,0,1,0,0.0,0
F0497,36446.71,22,1690.2,8,1,2,0,0.0,0
F0498,1671553.06,103,16476.69,27,1,86,67,0.7791,1
F0499,282488.51,73,4194.13,12,1,32,17,0.5312,1
F0500,295449.26,96,2861.54,15,0,12,6,0.5,0
F0501,92863.28,3,30901.22,1,0,1,0,0.0,0
F0502,593580.5,21,26094.69,12,0,18,8,0.4444,0
F0503,350141.7,91,3516.66,16,0,39,19,0.4872,0
F0504,764639.11,48,16286.43,21,0,33,16,0.4848,0
F0505,1105262.12,28,37041.53,22,1,25,5,0.2,1
F0506,18338.67,1,19467.36,4,0,1,0,0.0,0
F0507,26109.72,1,25142.64,9,0,1,0,0.0,0
F0508,59942.1,16,4036.55,1,0,6,0,0.0,0
F0509,66838.92,10,6497.13,3,0,7,0,0.0,0
F0510,24778.67,24,970.95,4,1,2,0,0.0,0
F0511,928500.88,92,10413.65,10,1,54,30,0.5556,1
F0512,36861.03,55,656.0,5,0,1,0,0.0,0
F0513,96305.87,12,7223.81,12,0,7,6,0.8571,0
F0514,2879213.23,181,16219.97,21,1,89,54,0.6067,1
F0515,596011.03,15,41419.83,17,1,14,4,0.2857,1
F0516,904653.58,77,11125.52,21,0,49,30,0.6122,0
F0517,82032.09,13,6539.24,10,0,10,3,0.3,0
F0518,810990.58,42,18172.29,21,0,39,24,0.6154,0
F0519,833518.39,43,17575.27,10,1,27,14,0.5185,1
F0520,26709.0,6,4628.28,8,0,0,0,0.0,0
F0521,703758.77,19,37747.72,13,0,17,11,0.6471,0
F0522,1006006.55,28,34648.62,14,0,18,8,0.4444,0
F0523,88115.76,21,4384.49,9,0,4,0,0.0,0
F0524,64325.53,16,4147.92,3,0,9,2,0.2222,0
F0525,2877193.56,115,26276.76,24,1,114,73,0.6404,1
F0526,136545.12,16,9221.75,5,0,12,0,0.0,0
F0527,77181.75,22,3589.85,9,0,8,2,0.25,0
F0528,1171540.86,67,18864.01,12,0,42,13,0.3095,0
F0529,438407.95,59,7421.46,14,1,39,11,0.2821,1
F0530,638130.45,30,23393.81,19,1,18,8,0.4444,1
F0531,71896.76,3,23667.09,9,0,2,0,0.0,0
F0532,88617.7,69,1303.35,7,0,3,1,0.3333,0
F0533,3501410.87,95,38469.57,24,1,53,43,0.8113,1
F0534,1145907.53,72,14511.59,17,1,63,36,0.5714,1
F0535,230943.56,97,2315.26,12,0,14,5,0.3571,0
F0536,28530.6,15,1954.83,1,0,1,0,0.0,0
F0537,1811437.92,79,22186.45,26,0,74,69,0.9324,1
F0538,67709.21,2,35371.65,2,0,0,0,0.0,0
F0539,84011.18,5,17996.18,12,0,2,1,0.5,0
F0540,158503.86,21,8157.9,22,1,18,9,0.5,1
F0541,787683.9,70,12320.27,10,1,55,15,0.2727,1
F0542,686985.73,33,20773.37,20,1,33,17,0.5152,1
F0543,11981.38,15,797.65,7,0,2,0,0.0,0
F0544,1093613.08,71,16901.94,9,0,59,32,0.5424,0
F0545,60870.76,14,4535.56,5,0,6,2,0.3333,0
F0546,1014681.78,79,11638.18,14,1,63,34,0.5397,1
F0547,39309.49,6,5980.77,7,0,3,1,0.3333,0
F0548,95959.23,13,7754.82,6,0,9,2,0.2222,0
F0549,158853.94,74,2027.11,13,1,16,8,0.5,1
F0550,2439282.53,130,19839.06,26,1,98,61,0.6224,1
F0551,70091.26,19,3553.36,10,0,4,0,0.0,0
F0552,267952.56,35,7768.98,20,1,29,14,0.4828,1
F0553,544924.76,24,21788.94,17,1,14,2,0.1429,1
F0554,905940.42,49,18724.53,16,1,30,14,0.4667,1
F0555,1538730.73,108,13185.83,29,1,74,68,0.9189,1
F0556,434648.67,78,6026.0,18,0,71,33,0.4648,0
F0557,165415.57,111,1619.89,6,0,10,4,0.4,0
F0558,83266.76,24,3654.24,9,1,7,0,0.0,0
F0559,1098766.98,41,28503.07,10,0,22,12,0.5455,0
F0560,113935.73,14,8350.31,10,0,10,1,0.1,0
F0561,801395.69,27,30569.53,9,0,17,12,0.7059,0
F0562,922298.1,24,34880.98,19,1,19,10,0.5263,1
F0563,5767.14,3,1764.03,3,0,0,0,0.0,0
F0564,129154.44,10,12538.14,6,0,6,0,0.0,0
F0565,272568.06,26,10915.45,18,0,15,6,0.4,0
F0566,4101966.81,98,44353.31,26,1,56,46,0.8214,1
F0567,975884.83,18,52840.74,15,0,14,2,0.1429,0
F0568,3175684.8,128,24188.65,30,1,112,107,0.9554,1
F0569,475402.92,80,5985.79,22,1,66,11,0.1667,1
F0570,22487.29,16,1518.94,7,0,1,0,0.0,0
F0571,912445.92,86,11279.35,22,1,83,28,0.3373,1
F0572,1170353.5,22,56586.71,11,1,12,2,0.1667,1
F0573,28377.96,111,260.39,11,0,5,1,0.2,0
F0574,56703.57,6,9241.14,1,0,3,0,0.0,0
F0575,1143355.0,49,23013.21,12,1,30,14,0.4667,1
F0576,77921.47,14,5163.3,3,0,12,2,0.1667,0
F0577,693779.97,61,10341.73,14,0,40,21,0.525,0
F0578,772262.59,41,18711.64,11,1,23,9,0.3913,1
F0579,2822112.17,137,20116.46,26,1,97,82,0.8454,1
F0580,251829.72,42,5610.55,11,1,37,24,0.6486,1
F0581,84911.36,25,3135.99,2,1,1,0,0.0,0
F0582,3822515.52,191,21720.82,27,1,139,99,0.7122,1
F0583,2304503.27,118,20604.82,26,1,105,74,0.7048,1
F0584,2481568.11,107,24453.92,22,1,59,35,0.5932,1
F0585,447792.73,91,4865.64,19,0,20,4,0.2,0
F0586,439676.24,30,13812.01,21,0,30,22,0.7333,0
F0587,1494050.35,152,8889.51,21,1,150,98,0.6533,1
F0588,3822177.26,78,47905.74,20,1,43,29,0.6744,1
F0589,455739.04,65,6957.17,22,1,53,12,0.2264,1
F0590,245201.23,83,2930.38,21,0,29,18,0.6207,0
F0591,890060.04,76,11505.2,21,1,46,31,0.6739,1
F0592,433843.15,27,16946.08,12,0,22,10,0.4545,0
F0593,10682.68,19,526.27,3,0,1,0,0.0,0
F0594,411448.78,87,4913.81,8,0,11,3,0.2727,0
F0595,1255416.0,109,11755.41,22,0,99,2,0.0202,0
F0596,32171.81,15,1941.57,9,0,0,0,0.0,0
F0597,3889465.85,129,28405.91,21,0,86,82,0.9535,1
F0598,963505.53,77,11466.9,16,1,70,22,0.3143,1
F0599,56559.66,16,3545.89,3,0,5,1,0.2,0
F0600,11538.76,4,2977.49,9,0,0,0,0.0,0
F0601,1271131.02,144,8061.47,30,1,132,120,0.9091,1
F0602,219686.53,68,3118.75,17,0,27,14,0.5185,0
F0603,2647563.79,161,16640.38,28,1,99,79,0.798,1
F0604,75920.72,20,3561.43,6,0,7,1,0.1429,0
F0605,107823.63,21,5572.45,6,0,14,4,0.2857,0
F0606,536316.79,87,6501.59,9,0,78,9,0.1154,0
F0607,1000516.87,59,17566.99,8,0,45,24,0.5333,0
F0608,364087.06,79,4929.81,20,0,28,18,0.6429,0
F0609,1013843.29,45,24403.84,12,0,42,6,0.1429,0
F0610,4431265.94,69,69794.66,20,1,63,49,0.7778,1
F0611,799005.01,84,8608.88,22,0,82,48,0.5854,1
F0612,48799.18,7,6654.35,7,1,6,4,0.6667,0
F0613,861826.21,44,20738.52,17,1,43,21,0.4884,1
F0614,1093252.65,52,18965.45,13,1,44,24,0.5455,1
F0615,4695125.14,82,58275.34,24,1,56,47,0.8393,1
F0616,94394.29,11,9325.85,6,0,7,0,0.0,0
F0617,4316340.72,104,41967.73,18,1,58,49,0.8448,1
F0618,251982.89,97,2593.39,19,1,19,6,0.3158,1
F0619,549267.07,85,6714.23,12,0,54,19,0.3519,0
F0620,338924.39,85,4153.51,8,1,17,13,0.7647,1
F0621,3469004.76,82,42818.41,20,1,43,25,0.5814,1
F0622,1530741.7,108,14644.18,17,0,57,8,0.1404,0
F0623,605870.3,16,37077.81,10,1,14,9,0.6429,1
F0624,536420.77,66,7865.94,19,1,54,18,0.3333,1
F0625,580299.27,92,6346.07,21,1,51,27,0.5294,1
F0626,700686.69,68,10828.53,14,1,62,22,0.3548,1
F0627,41450.36,20,2248.62,8,1,7,1,0.1429,0
F0628,795004.87,78,10820.18,16,0,47,21,0.4468,0
F0629,972640.72,59,17003.27,11,1,50,26,0.52,1
F0630,920150.38,79,12368.96,8,0,42,20,0.4762,0
F0631,692881.79,95,7035.29,10,0,79,25,0.3165,0
F0632,1425021.94,78,17684.22,19,0,47,14,0.2979,0
F0633,1455859.75,115,13882.83,24,1,90,49,0.5444,1
F0634,507842.73,21,26328.25,21,0,17,6,0.3529,0
F0635,984588.76,63,16508.07,20,1,48,19,0.3958,1
F0636,835149.2,43,20301.17,12,0,29,4,0.1379,0
F0637,1065905.35,52,20919.55,22,0,33,7,0.2121,0
F0638,26949.25,14,1765.83,10,1,0,0,0.0,0
F0639,1100491.0,19,52761.85,21,0,15,9,0.6,0
F0640,55955.6,21,2422.34,4,0,6,0,0.0,0
F0641,87273.06,12,7209.84,7,1,8,5,0.625,1
F0642,106869.81,14,7483.26,2,0,9,0,0.0,0
F0643,685894.61,22,31575.54,15,0,18,3,0.1667,0
F0644,74819.91,16,4988.02,8,1,1,0,0.0,0
F0645,432530.3,39,10518.38,15,1,24,12,0.5,1
F0646,964289.8,63,14576.27,15,1,49,22,0.449,1
F0647,762725.18,15,55123.81,16,1,11,5,0.4545,1
F0648,1463122.6,77,18072.49,27,1,38,2,0.0526,1
F0649,867716.61,50,19084.23,11,0,43,21,0.4884,0
F0650,3939191.96,115,33150.4,24,1,82,63,0.7683,1
F0651,30309.6,23,1347.34,1,1,2,0,0.0,0
F0652,67285.16,1,71439.75,4,1,0,0,0.0,0
F0653,580772.15,18,31754.81,22,0,14,6,0.4286,0
F0654,164187.25,132,1342.61,15,0,6,2,0.3333,0
F0655,94266.14,3,34452.34,4,0,3,0,0.0,0
F0656,1099850.58,52,21110.54,18,1,51,23,0.451,1
F0657,145610.62,11,14184.61,4,0,8,2,0.25,0
F0658,579227.56,19,28427.04,22,0,18,3,0.1667,0
F0659,604176.15,67,9009.57,12,1,34,13,0.3824,1
F0660,915200.18,30,30930.15,18,0,15,5,0.3333,0
F0661,1580753.14,144,10181.51,29,0,143,121,0.8462,1
F0662,1867814.63,62,32152.32,15,0,47,5,0.1064,0
F0663,2066238.94,136,14492.3,29,1,112,91,0.8125,1
F0664,76527.55,2,38326.74,10,0,0,0,0.0,0
F0665,3616579.35,62,62403.56,23,1,33,16,0.4848,1
F0666,601927.3,30,19833.73,14,1,16,8,0.5,1
F0667,623709.31,70,8505.65,14,1,50,25,0.5,1
F0668,1909668.65,149,11957.45,20,1,79,13,0.1646,1
F0669,13942.03,25,543.43,4,0,1,0,0.0,0
F0670,92580.99,11,7692.37,3,0,8,0,0.0,0
F0671,282542.4,45,6843.14,20,1,25,12,0.48,1
F0672,139188.09,14,10454.57,4,1,14,4,0.2857,0
F0673,950063.16,78,11848.35,19,0,44,31,0.7045,0
F0674,184902.12,32,5857.12,22,0,20,5,0.25,0
F0675,116239.66,78,1617.78,10,1,10,2,0.2,1
F0676,936730.6,69,12915.64,14,0,65,6,0.0923,0
F0677,1989023.68,107,17270.58,20,1,83,33,0.3976,1
F0678,40872.5,10,4363.97,8,1,4,0,0.0,0
F0679,830095.53,34,25417.58,15,1,24,13,0.5417,1
F0680,3698815.06,79,46772.96,19,1,54,37,0.6852,1
F0681,31153.63,5,6377.37,1,0,2,0,0.0,0
F0682,3717817.78,162,22098.15,30,1,158,145,0.9177,1
F0683,115387.5,5,22041.44,5,1,4,0,0.0,0
F0684,55044.53,25,2296.08,3,0,6,0,0.0,0
F0685,3108833.93,180,16882.56,29,1,104,100,0.9615,1
F0686,7755.56,7,1114.09,3,1,0,0,0.0,0
F0687,24017.99,10,2484.95,7,0,4,1,0.25,0
F0688,94147.39,8,10793.09,10,0,3,0,0.0,0
F0689,19685.3,21,879.74,1,1,3,0,0.0,0
F0690,97589.64,12,8326.91,2,0,6,1,0.1667,0
F0691,77330.15,17,4626.27,1,0,8,0,0.0,0
F0692,286598.47,91,3118.88,18,0,14,4,0.2857,0
F0693,2724382.4,70,38973.93,21,1,63,46,0.7302,1
F0694,2600810.22,134,20347.13,18,0,98,18,0.1837,0
F0695,27473.83,25,1139.82,2,0,3,0,0.0,0
F0696,568653.04,62,9110.32,16,1,39,17,0.4359,1
F0697,76189.0,15,5227.89,10,0,11,0,0.0,0
F0698,1623951.98,87,17562.52,18,1,81,11,0.1358,1
F0699,526829.0,16,33900.66,10,1,14,4,0.2857,1
F0700,108108.6,21,4880.64,5,1,9,0,0.0,0
F0701,59865.7,24,2718.3,5,0,8,0,0.0,0
F0702,889911.77,90,10117.93,18,1,81,50,0.6173,1
F0703,3905122.84,115,35224.96,21,0,64,32,0.5,1
F0704,18858.67,5,3722.69,7,0,0,0,0.0,0
F0705,347658.37,40,8586.46,10,1,25,17,0.68,1
F0706,58692.91,24,2471.0,10,0,11,5,0.4545,0
F0707,531646.35,51,10800.94,14,1,37,10,0.2703,1
F0708,100769.29,3,33099.24,8,0,2,0,0.0,0
F0709,686321.46,22,29058.29,15,0,20,14,0.7,0
F0710,515327.37,70,7759.93,14,0,66,46,0.697,0
F0711,1023786.06,46,23685.4,12,1,43,15,0.3488,1
F0712,16963.9,3,6078.63,9,1,3,2,0.6667,0
F0713,13684.79,5,2954.43,5,0,0,0,0.0,0
F0714,718686.71,73,10305.1,8,0,58,30,0.5172,0
F0715,3456464.72,110,34243.03,25,1,89,44,0.4944,1
F0716,3331925.88,115,28484.26,29,1,66,62,0.9394,1
F0717,404623.04,43,9778.29,8,1,36,15,0.4167,1
F0718,53603.01,22,2567.66,3,1,4,0,0.0,1
F0719,3450220.32,178,18127.9,23,0,96,82,0.8542,1
F0720,32788.33,9,3857.16,5,0,0,0,0.0,0
F0721,1651450.54,161,9585.57,25,1,144,76,0.5278,1
F0722,16279.18,2,8407.94,3,0,2,0,0.0,0
F0723,111939.29,4,29543.85,6,0,1,0,0.0,0
F0724,644073.7,43,16215.26,10,1,35,26,0.7429,1
F0725,75905.45,16,4954.41,6,0,3,0,0.0,0
F0726,53437.95,15,3619.64,3,0,4,0,0.0,0
F0727,43132.14,14,3150.63,4,0,2,0,0.0,0
F0728,82367.04,10,7870.59,1,1,10,4,0.4,0
F0729,37975.74,6,5990.89,3,0,2,0,0.0,0
F0730,53034.19,8,6848.05,4,1,6,1,0.1667,0
F0731,897760.72,63,14550.64,17,1,54,29,0.537,1
F0732,536687.94,78,6944.69,20,0,45,27,0.6,0
F0733,100076.98,8,12059.11,6,0,7,0,0.0,0
F0734,3223159.54,140,24772.74,18,0,139,115,0.8273,0
F0735,104731.14,23,4631.95,8,1,2,0,0.0,0
F0736,410250.66,45,9548.92,12,0,41,17,0.4146,0
F0737,919360.5,73,11494.1,18,1,43,19,0.4419,1
F0738,4516395.76,92,45595.92,20,0,76,30,0.3947,0
F0739,289866.05,56,5055.57,19,1,45,11,0.2444,1
F0740,455662.98,81,6142.71,9,0,50,15,0.3,0
F0741,112401.13,14,8403.5,5,0,11,2,0.1818,0
F0742,16148.39,5,3086.73,9,0,1,0,0.0,0
F0743,2916570.62,65,44681.15,26,1,52,13,0.25,1
F0744,638065.25,67,9016.22,9,0,43,15,0.3488,0
F0745,425686.61,66,6787.81,16,1,38,16,0.4211,1
F0746,164332.39,45,3999.81,8,0,12,7,0.5833,0
F0747,950334.12,66,15278.41,8,0,59,35,0.5932,0
F0748,14918.55,7,2173.74,8,0,3,0,0.0,0
F0749,1209748.98,136,9545.03,27,1,100,75,0.75,1
F0750,594335.24,84,7339.1,8,1,82,41,0.5,1
F0751,1138656.45,30,38608.27,8,1,25,4,0.16,1
F0752,63777.58,139,463.24,8,1,7,1,0.1429,1
F0753,96111.73,9,9704.82,10,0,9,3,0.3333,0
F0754,1182788.63,97,12916.13,14,1,53,37,0.6981,1
F0755,3445687.17,171,19086.91,27,1,93,80,0.8602,1
F0756,855138.59,85,10093.1,10,1,62,47,0.7581,1
F0757,583854.53,72,7367.39,12,0,38,24,0.6316,0
F0758,1191965.25,58,22551.36,14,1,54,34,0.6296,1
F0759,776854.34,15,52417.52,16,1,8,2,0.25,1
F0760,2722451.06,193,15363.41,22,0,157,141,0.8981,1
F0761,40815.98,15,2754.75,12,0,6,4,0.6667,0
F0762,26217.8,8,3584.48,5,0,1,0,0.0,0
F0763,46859.91,11,4063.14,9,0,2,0,0.0,0
F0764,1048141.07,100,10606.76,13,0,96,61,0.6354,0
F0765,71493.94,6,11097.74,6,0,6,0,0.0,0
F0766,15127.02,23,688.35,7,1,1,0,0.0,0
F0767,778369.23,44,17836.19,18,0,26,12,0.4615,0
F0768,132172.07,12,11069.63,8,1,8,1,0.125,0
F0769,1029516.95,95,10286.31,8,0,89,59,0.6629,0
F0770,96641.5,19,4951.15,5,1,5,3,0.6,1
F0771,757076.21,40,18173.85,12,1,30,6,0.2,1
F0772,1183843.4,30,41531.39,15,0,24,3,0.125,0
F0773,171162.87,84,2073.6,17,1,37,23,0.6216,1
F0774,40923.36,5,7554.48,9,0,3,0,0.0,0
F0775,382628.02,93,4245.03,8,1,36,24,0.6667,1
F0776,100311.05,25,3917.73,10,0,10,1,0.1,0
F0777,1336162.31,200,7299.68,18,1,187,162,0.8663,1
F0778,503649.37,58,9069.47,17,1,57,30,0.5263,1
F0779,89913.16,23,3744.95,2,0,7,0,0.0,0
F0780,133643.1,5,28932.0,10,0,2,0,0.0,0
F0781,88788.77,5,19193.19,7,0,5,1,0.2,0
F0782,3319401.66,113,27983.28,29,1,88,55,0.625,1
F0783,1131304.27,53,21097.26,15,1,50,21,0.42,1
F0784,341392.72,32,9680.58,9,1,29,14,0.4828,1
F0785,597688.43,74,7570.27,11,0,51,29,0.5686,0
F0786,1171016.72,45,25303.75,15,1,35,20,0.5714,1
F0787,3182645.02,167,20727.76,25,1,103,88,0.8544,1
F0788,60504.97,55,1007.23,6,1,4,1,0.25,0
F0789,4561593.26,66,65462.71,24,0,47,29,0.617,1
F0790,2422221.24,173,12797.13,28,1,141,53,0.3759,1
F0791,85740.42,1,79886.16,6,0,1,0,0.0,0
F0792,907473.51,90,10439.68,17,1,79,34,0.4304,1
F0793,73711.21,11,7362.16,7,1,9,0,0.0,0
F0794,2923846.82,198,15905.18,24,1,179,130,0.7263,1
F0795,57984.81,22,2778.19,3,1,2,0,0.0,0
F0796,568135.86,84,6345.68,15,1,75,16,0.2133,1
F0797,350554.13,64,5462.62,22,0,46,5,0.1087,0
F0798,296633.64,86,3452.55,12,0,40,31,0.775,0
F0799,61088.25,16,3573.29,1,0,6,0,0.0,0
F0800,1020975.25,36,26407.55,8,0,34,24,0.7059,0
F0801,4700675.57,168,25258.43,29,1,94,39,0.4149,1
F0802,939891.24,41,22248.88,20,1,34,17,0.5,1
F0803,999496.1,36,28743.08,19,1,25,10,0.4,1
F0804,109988.56,125,861.39,13,1,8,3,0.375,1
F0805,246543.74,43,5573.95,22,1,34,13,0.3824,1
F0806,84527.96,15,5417.11,5,0,8,2,0.25,0
F0807,1422623.32,80,19394.96,22,1,50,44,0.88,1
F0808,661871.85,77,8902.89,16,0,57,26,0.4561,0
F0809,1156986.48,91,13166.51,13,0,76,61,0.8026,0
F0810,390203.08,96,4284.57,21,0,34,4,0.1176,0
F0811,46370.96,9,5614.32,10,0,6,0,0.0,0
F0812,26167.64,9,2715.01,10,0,3,0,0.0,0
F0813,723908.43,58,11737.3,12,0,30,14,0.4667,0
F0814,816599.86,27,28557.15,11,0,22,6,0.2727,0
F0815,17402.53,2,9037.77,1,0,1,0,0.0,0
F0816,535921.73,43,12351.07,11,0,28,21,0.75,0
F0817,481188.44,88,5757.05,21,1,61,21,0.3443,1
F0818,891261.3,70,11562.95,9,1,58,46,0.7931,1
F0819,1536104.37,164,9471.05,28,1,144,126,0.875,1
F0820,387400.77,65,5581.17,13,0,34,8,0.2353,0
F0821,370226.91,24,14808.8,18,0,15,9,0.6,0
F0822,1283474.45,143,8558.15,26,0,138,23,0.1667,0
F0823,715507.28,86,8720.69,19,1,45,11,0.2444,1
F0824,981909.47,105,9474.69,25,0,57,6,0.1053,0
F0825,55554.1,2,27512.47,7,0,2,0,0.0,0
F0826,539816.6,92,5668.28,12,0,92,46,0.5,0
F0827,1105995.5,62,18999.78,17,1,62,10,0.1613,1
F0828,1139590.39,35,34528.06,9,0,19,5,0.2632,0
F0829,754082.96,25,32023.47,19,1,23,5,0.2174,1
F0830,553438.62,96,5537.8,11,0,60,21,0.35,0
F0831,311932.86,96,2993.61,10,1,20,9,0.45,1
F0832,1459360.31,77,17876.37,17,1,43,3,0.0698,1
F0833,67729.65,2,31575.34,2,0,2,0,0.0,0
F0834,940482.46,88,11299.4,16,1,57,14,0.2456,1
F0835,4228727.36,93,43496.36,21,0,79,63,0.7975,1
F0836,2713927.83,101,28692.25,18,1,88,55,0.625,1
F0837,93902.0,3,31181.3,1,1,3,0,0.0,0
F0838,57231.78,4,13983.22,1,0,2,0,0.0,0
F0839,743086.94,35,22162.85,13,1,32,5,0.1562,1
F0840,21903.3,5,4118.41,9,1,2,1,0.5,0
F0841,818079.87,20,43976.88,12,1,19,8,0.4211,1
F0842,129476.53,25,5539.32,5,1,14,3,0.2143,1
F0843,932277.55,45,18764.0,8,0,32,16,0.5,0
F0844,213116.49,40,5290.58,20,0,20,13,0.65,0
F0845,1534464.45,154,10697.44,26,1,139,119,0.8561,1
F0846,89786.92,18,5103.42,2,1,14,9,0.6429,1
F0847,3261468.08,142,22877.91,29,1,116,76,0.6552,1
F0848,1907249.93,51,38742.63,21,0,40,8,0.2,0
F0849,3839554.17,130,30691.8,23,1,71,64,0.9014,1
F0850,75983.45,14,5656.59,3,1,12,0,0.0,0
F0851,183820.41,32,5822.73,10,0,29,18,0.6207,0
F0852,613171.96,30,18457.53,12,0,22,4,0.1818,0
F0853,135535.44,11,12181.18,9,0,6,0,0.0,0
F0854,885647.94,30,28863.1,16,0,21,10,0.4762,0
F0855,927450.83,90,10857.04,8,1,60,23,0.3833,1
F0856,63874.73,14,4233.13,9,0,5,0,0.0,0
F0857,3095788.62,200,14355.9,25,1,187,116,0.6203,1
F0858,4519476.31,140,32461.41,23,0,118,61,0.5169,1
F0859,3028245.86,97,33455.49,28,1,52,31,0.5962,1
F0860,46761.56,7,6305.73,8,0,3,0,0.0,0
F0861,4262578.33,176,24816.19,30,1,125,95,0.76,1
F0862,112452.47,8,14489.03,2,0,8,0,0.0,0
F0863,81582.4,7,11309.9,4,0,5,1,0.2,0
F0864,137064.26,4,32130.72,4,0,3,0,0.0,0
F0865,4295680.33,156,24819.81,21,1,105,71,0.6762,1
F0866,637481.45,53,13101.47,18,1,41,12,0.2927,1
F0867,2723108.99,87,30127.65,20,0,47,14,0.2979,0
F0868,805726.36,66,12597.09,22,1,37,9,0.2432,1
F0869,707725.1,87,7449.77,18,0,70,34,0.4857,0
F0870,3813125.07,116,34052.23,25,1,67,41,0.6119,1
F0871,789410.65,19,42450.81,10,0,10,2,0.2,0
F0872,8005.46,14,571.57,4,1,2,0,0.0,0
F0873,63847.47,20,3248.01,3,0,4,1,0.25,0
F0874,29976.11,2,15321.47,5,0,1,0,0.0,0
F0875,542941.88,97,5158.62,17,1,95,41,0.4316,1
F0876,4970813.81,188,26646.56,27,1,176,151,0.858,1
F0877,112437.0,25,4511.21,9,1,5,2,0.4,1
F0878,971052.2,69,12932.12,18,0,64,6,0.0938,0
F0879,40244.14,62,705.47,15,0,8,1,0.125,0
F0880,829740.48,91,9674.38,20,1,88,14,0.1591,1
F0881,115898.47,25,4915.01,10,0,4,1,0.25,0
F0882,2253645.14,97,21420.9,20,0,53,42,0.7925,0
F0883,225727.45,34,6091.35,8,1,29,10,0.3448,1
F0884,139130.38,1,151681.67,10,0,0,0,0.0,0
F0885,117019.41,16,6974.19,9,0,14,3,0.2143,0
F0886,102187.68,20,5426.17,5,1,11,2,0.1818,0
F0887,1160425.46,49,25102.6,21,0,45,11,0.2444,0
F0888,754547.54,88,7914.47,14,1,58,37,0.6379,1
F0889,156774.33,77,1832.44,17,0,1,0,0.0,0
F0890,40328.47,19,2178.67,1,0,3,0,0.0,0
F0891,516145.31,47,11694.12,11,1,24,12,0.5,1
F0892,430846.74,97,4764.02,14,1,33,7,0.2121,1
F0893,796146.7,46,18808.97,21,0,29,18,0.6207,0
F0894,911353.89,31,27004.41,16,0,23,12,0.5217,0
F0895,8044.1,22,337.19,3,0,1,0,0.0,0
F0896,844832.65,51,16470.64,9,1,30,9,0.3,1
F0897,1164128.11,67,17470.92,18,0,56,27,0.4821,0
F0898,937411.41,63,16000.34,18,0,32,15,0.4688,0
F0899,120323.27,19,6331.44,6,0,15,2,0.1333,0
F0900,1190306.47,43,25335.76,9,1,29,15,0.5172,1
F0901,3865083.89,200,19772.43,20,0,133,63,0.4737,0
F0902,1823868.98,70,28260.1,21,0,61,18,0.2951,0
F0903,264332.92,37,7417.77,10,0,33,18,0.5455,0
F0904,38080.07,18,2183.54,7,1,6,0,0.0,0
F0905,78369.23,16,4881.89,9,0,2,0,0.0,0
F0906,1016990.68,88,11095.35,21,0,69,50,0.7246,0
F0907,288516.38,55,4843.76,19,1,9,4,0.4444,1
F0908,311615.2,83,3616.79,20,0,28,9,0.3214,0
F0909,1392341.4,85,15551.53,20,0,51,6,0.1176,0
F0910,138479.39,3,44759.57,2,0,1,0,0.0,0
F0911,147547.56,3,46652.02,1,0,2,0,0.0,0
F0912,553386.11,25,22114.89,8,0,17,4,0.2353,0
F0913,625947.77,18,34505.31,9,1,15,4,0.2667,1
F0914,95891.42,20,4596.2,2,0,3,1,0.3333,0
F0915,11080.49,24,496.74,4,0,1,0,0.0,0
F0916,1867010.42,92,20577.31,29,1,70,41,0.5857,1
F0917,4165282.71,162,27386.16,26,1,158,128,0.8101,1
F0918,1083624.34,62,18410.55,12,1,39,15,0.3846,1
F0919,43332.52,16,2599.14,4,0,8,3,0.375,0
F0920,4416627.53,153,28264.08,19,1,99,81,0.8182,1
F0921,15693.85,11,1382.35,2,0,0,0,0.0,0
F0922,2639979.85,123,22253.01,19,1,83,59,0.7108,1
F0923,980155.91,98,9905.74,8,1,58,11,0.1897,1
F0924,72799.35,19,4162.85,3,0,7,3,0.4286,0
F0925,5372.43,1,5823.96,4,1,1,0,0.0,0
F0926,586163.23,17,34416.45,20,1,17,13,0.7647,1
F0927,1588824.97,193,8356.82,27,0,156,133,0.8526,1
F0928,115641.42,5,24607.53,7,0,3,0,0.0,0
F0929,708001.92,30,24088.47,9,0,28,12,0.4286,0
F0930,3546739.48,90,38149.71,26,1,47,23,0.4894,1
F0931,30459.93,91,313.94,10,1,7,1,0.1429,0
F0932,589156.52,73,8020.06,10,1,69,37,0.5362,1
F0933,572129.32,43,14221.24,17,1,30,16,0.5333,1
F0934,1104691.32,41,25415.68,10,0,33,1,0.0303,0
F0935,21858.9,3,7544.11,7,1,3,0,0.0,0
F0936,960175.13,54,16305.74,16,0,41,21,0.5122,1
F0937,28119.24,14,1948.43,7,1,2,0,0.0,0
F0938,943988.63,53,17924.86,15,0,32,21,0.6562,0
F0939,3559386.8,95,34015.92,28,0,48,32,0.6667,1
F0940,122118.99,11,11876.41,7,1,6,1,0.1667,0
F0941,2395114.62,95,25480.98,21,1,76,56,0.7368,1
F0942,26205.3,11,2377.28,4,0,1,0,0.0,0
F0943,1161850.76,81,15114.49,19,1,45,28,0.6222,1
F0944,77437.72,19,3680.28,4,0,3,2,0.6667,0
F0945,45390.9,10,4986.78,9,0,4,0,0.0,0
F0946,506250.02,58,8225.13,20,0,46,26,0.5652,0
F0947,1406010.85,129,10663.68,26,1,112,10,0.0893,1
F0948,194296.17,85,2193.86,16,1,8,1,0.125,1
F0949,931807.52,61,15966.94,15,0,45,16,0.3556,0
F0950,154974.5,64,2413.85,6,0,12,1,0.0833,0
F0951,522259.59,27,19398.34,14,1,14,6,0.4286,1
F0952,1158320.3,74,16929.36,19,1,61,47,0.7705,1
F0953,57754.81,129,484.56,12,0,12,5,0.4167,0
F0954,1161233.64,100,10477.57,18,1,83,52,0.6265,1
F0955,339731.65,31,9889.93,11,1,23,4,0.1739,1
F0956,131216.33,18,6808.26,2,0,8,0,0.0,0
F0957,479735.64,30,15837.41,16,1,29,9,0.3103,1
F0958,769661.08,40,19068.31,16,1,26,14,0.5385,1
F0959,982368.19,40,23388.54,12,1,34,13,0.3824,1
F0960,93027.56,6,14072.84,3,1,3,2,0.6667,0
F0961,967885.63,30,32215.52,22,1,29,5,0.1724,1
F0962,55610.83,15,3797.01,11,1,6,5,0.8333,1
F0963,30699.31,4,7937.91,9,1,1,0,0.0,0
F0964,800722.98,63,12894.36,10,0,36,21,0.5833,0
F0965,779111.75,31,26612.4,12,0,25,8,0.32,0
F0966,889478.01,50,16118.86,18,0,35,4,0.1143,0
F0967,1083723.07,32,35958.03,21,1,26,7,0.2692,1
F0968,315317.84,50,6187.1,20,1,24,9,0.375,1
F0969,667612.85,100,6151.83,12,1,72,29,0.4028,1
F0970,534220.99,78,6674.08,14,0,50,16,0.32,0
F0971,296926.84,18,17838.41,18,1,12,6,0.5,1
F0972,103433.11,8,13002.91,4,0,6,1,0.1667,0
F0973,458706.9,66,6941.23,10,1,53,21,0.3962,1
F0974,489206.76,31,15762.58,10,1,29,13,0.4483,1
F0975,147293.5,4,33922.21,7,0,0,0,0.0,0
F0976,89691.92,16,5932.0,4,0,7,2,0.2857,0
F0977,934637.11,42,21639.98,10,1,41,20,0.4878,1
F0978,145608.85,1,134689.33,3,0,0,0,0.0,0
F0979,177980.49,75,2504.14,12,0,28,20,0.7143,0
F0980,47894.61,19,2404.18,7,0,6,0,0.0,0
F0981,322352.29,70,4848.19,10,0,19,6,0.3158,0
F0982,118364.27,7,17530.07,9,1,4,0,0.0,0
F0983,978754.71,79,12179.75,12,0,41,18,0.439,0
F0984,3724417.56,137,24551.75,25,1,87,50,0.5747,1
F0985,300958.86,17,16325.89,18,0,10,5,0.5,0
F0986,352776.23,99,3605.03,11,0,39,20,0.5128,0
F0987,309115.55,74,4359.75,9,0,30,16,0.5333,0
F0988,179526.19,119,1366.51,12,0,0,0,0.0,0
F0989,4787315.07,122,39505.32,24,1,110,75,0.6818,1
F0990,46268.27,11,4533.98,9,0,1,0,0.0,0
F0991,2449022.11,131,18772.87,23,0,107,99,0.9252,1
F0992,269633.15,99,2665.26,15,1,44,12,0.2727,1
F0993,930344.76,66,13324.29,12,1,53,36,0.6792,1
F0994,334605.32,69,4890.83,13,1,29,6,0.2069,1
F0995,446580.79,26,15995.54,18,1,24,8,0.3333,1
F0996,2207017.44,199,10800.86,24,1,124,64,0.5161,1
F0997,4544475.43,83,59530.83,24,1,80,67,0.8375,1
F0998,448584.83,66,6170.24,8,0,36,25,0.6944,0
F0999,780990.93,42,19263.06,13,0,28,6,0.2143,0
F1000,867560.16,33,24733.36,21,1,21,5,0.2381,1
F1001,1142971.78,45,26050.02,22,1,42,23,0.5476,1
F1002,2680341.27,148,18225.17,30,1,136,98,0.7206,1
F1003,801478.35,57,15214.04,19,1,29,15,0.5172,1
F1004,8349.66,24,361.87,4,1,0,0,0.0,0
F1005,93174.07,106,819.01,13,0,3,1,0.3333,0
F1006,514123.56,93,5795.44,17,0,55,26,0.4727,0
F1007,351498.81,82,4703.9,9,1,22,8,0.3636,1
F1008,1013228.67,18,59068.46,15,0,16,3,0.1875,0
F1009,701059.28,88,8237.2,19,1,66,35,0.5303,1
F1010,141994.83,6,23381.16,10,0,5,0,0.0,0
F1011,368119.44,46,7359.62,17,0,24,13,0.5417,0
F1012,166244.12,120,1503.38,13,1,0,0,0.0,1
F1013,14184.55,18,829.91,7,1,0,0,0.0,0
F1014,99429.51,12,8879.77,10,0,11,0,0.0,0
F1015,97371.47,14,6623.01,7,0,7,2,0.2857,0
F1016,149576.42,17,8675.55,4,0,14,1,0.0714,0
F1017,54423.86,2,28667.31,4,0,0,0,0.0,0
F1018,82676.33,23,3503.95,4,0,7,1,0.1429,0
F1019,141506.91,25,5690.67,9,0,20,4,0.2,0
F1020,113356.57,1,117961.91,8,1,0,0,0.0,1
F1021,36992.66,9,4318.19,4,1,1,0,0.0,0
F1022,66809.67,4,18036.16,8,0,3,0,0.0,0
F1023,94969.32,7,12655.87,7,0,6,1,0.1667,0
F1024,365318.47,33,10458.17,16,0,30,21,0.7,0
F1025,3206027.15,157,20591.19,22,1,92,62,0.6739,1
F1026,3533712.5,93,40613.25,23,1,45,42,0.9333,1
F1027,860247.2,100,9366.83,18,1,61,10,0.1639,1
F1028,978688.49,97,10449.53,13,1,82,28,0.3415,1
F1029,1024067.16,51,19297.11,8,1,33,12,0.3636,1
F1030,94025.11,4,21498.46,8,0,0,0,0.0,0
F1031,57576.66,6,9005.0,4,0,2,0,0.0,0
F1032,182716.24,62,3000.81,8,1,10,4,0.4,1
F1033,52752.7,20,2446.55,7,0,4,0,0.0,0
F1034,537357.35,85,6080.72,10,0,71,42,0.5915,0
F1035,2137582.8,108,18024.32,29,1,64,50,0.7812,1
F1036,45375.71,22,2163.3,2,1,3,1,0.3333,0
F1037,96802.38,21,4745.87,4,0,3,1,0.3333,0
F1038,799014.23,18,45649.52,15,1,11,6,0.5455,1
F1039,20596.07,13,1710.39,7,0,2,0,0.0,0
F1040,1892512.78,78,24154.25,25,0,73,0,0.0,0
F1041,4532886.42,148,33144.28,23,1,106,61,0.5755,1
F1042,85310.7,2,43161.08,5,0,1,0,0.0,0
F1043,94099.56,21,4376.36,7,1,3,0,0.0,0
F1044,172891.17,23,6958.93,11,0,20,12,0.6,0
F1045,25604.83,7,3319.82,8,1,3,0,0.0,0
F1046,3434150.12,85,38673.32,19,1,56,43,0.7679,1
F1047,1034992.29,75,13609.26,12,0,64,28,0.4375,0
F1048,1087727.17,38,28215.27,21,0,25,5,0.2,0
F1049,158903.66,60,2486.78,20,0,24,5,0.2083,0
F1050,495072.04,76,6206.9,16,1,50,18,0.36,1
